 ID,Event Name,Venue Name,Event Location,Event Start Time,Event End Time,Image,Is Event Free,Event Category,Event DATE,Place,Created,Updated
221,Comedy Cult,Riches Art Gallery,"2511 E 6th St unit A, Austin, TX 78702, USA",2025-06-29T00:30:00.000Z,,,,,,,2025-06-28T20:34:11.121Z,2025-06-29T13:59:44.776Z
220,Lake Travis Boat Party,VIP Lake Travis,"16107 Farm to Market Rd 2769, Volente, TX 78641, USA",2025-07-12T19:45:00.000Z,,,,,,,2025-06-24T02:27:03.092Z,2025-07-01T18:10:23.966Z
219,Coffee & Chill June 21,Central Machine Works,"4824 E Cesar Chavez St, Austin, TX 78702, USA",2025-06-21T15:00:00.000Z,2025-06-21T05:00:00.000Z,"{'url':'79e95c91c6e4414e4cdf0ffda36d77d1793c6989f42bbf25efbb0c5bd9b01b7e.jpeg','size':413078,'width':1284,'height':1491,'filename':'3ADA8F39-7905-428B-9548-8B4E1AE11BDB.jpeg','metadata':{'width':1284,'height':1491,'blurHash':'eRPF.a?H?vt6x]8wxux]V@xu%#t7RPWBi_?wj[V@ayV?RPRjRjt6t7','blurHashWidth':32}}",,,,,2025-06-20T16:38:50.844Z,2025-06-29T14:00:57.094Z
218,Run & Rave - Wellness Club,Mañana Downtown,"111 Sandra Muraida Way, Austin, TX 78703, USA",2025-06-28T13:00:00.000Z,2025-06-28T15:00:00.000Z,"{'url':'5b738a1f1b11be22106827704ee6ee45bd1997e633f78941aa420c18605c4019.jpeg','size':1055304,'width':1119,'height':1585,'filename':'C8423D8B-FABC-489E-8E1E-4388CAFAE9F6.jpeg','metadata':{'width':1119,'height':1585,'blurHash':'eHQ0U8?b~q-;%Mf#Rjt8t7xu%MWB9Fj[of-;oe%MofM{-;ofWBWBRj','blurHashWidth':32}}",,,,,2025-06-18T16:52:37.950Z,2025-06-29T14:00:17.529Z
217,Vibra Latin Fridays Luna,Luna,"120 W 5th St, Austin, TX 78701, USA",2025-06-15T00:00:00.000Z,2025-06-15T07:00:00.000Z,"{'url':'f321a7ed8f8080a9fa7edd2bd5727155ed39fc110b2a464ac74cb2314394d1de.jpeg','size':335893,'width':1284,'height':1559,'filename':'CAEAF26F-8C57-4048-9831-DB0EAF0E2C95.jpeg','metadata':{'width':1284,'height':1559,'blurHash':'eI9s=AsI9FobjdxwoPRofhWB4mWT%Oakt79YW+tOR.o#%MoMadjYRj','blurHashWidth':32}}",,,,,2025-06-13T22:53:26.689Z,2025-06-24T04:34:16.209Z
216,Casa Blanca Luna White Party,Luna,"120 W 5th St, Austin, TX 78701, USA",2025-06-14T23:00:00.000Z,2025-06-15T07:00:00.000Z,"{'url':'1402736a36a7af818053cf6fde2184e9fe0a301778f7c18aeebe3ca2f41c8252.jpeg','size':337212,'width':1102,'height':1549,'filename':'740F954A-1328-42E6-8E2D-A50390AB2454.jpeg','metadata':{'width':1102,'height':1549,'blurHash':'edC%K$kCQ-bHiwtSj[V@a}ae8^e.kXjZkXIUayozf6ogtRj[f6j[ae','blurHashWidth':32}}",FALSE,,,,2025-06-13T22:52:16.652Z,2025-06-16T17:58:16.902Z
215,Cold Plunge Social Jacoby,Bathe,"2922 E Cesar Chavez St, Austin, TX 78702, USA",2025-06-15T15:00:00.000Z,2025-06-15T19:00:00.000Z,"{'url':'2567c97cff7299cbf3a39c99aecb76e48a50c1ebc08fedf3fdb43c1c195203ea.jpeg','size':327013,'width':1094,'height':1225,'filename':'4846A31F-BC78-4D50-9A99-023F10C36E18.jpeg','metadata':{'width':1094,'height':1225,'blurHash':'eKGb9ibwM{WAW=009aWBxZs.^+ozxtbvRknOWVn%RjbbE2smbcRjt6','blurHashWidth':32}}",,,,,2025-06-13T22:50:37.355Z,2025-06-30T02:20:54.603Z
214,Toga N Yoga,Cabana Club,"5012 E 7th St, Austin, TX 78702, USA",2025-06-14T15:00:00.000Z,2025-06-14T19:00:00.000Z,"{'url':'97192ff3053a3b3131bac8ba0bf7021fe6610f3633d7555e6a692cd73733cfeb.jpeg','size':2115366,'width':1284,'height':1586,'filename':'1EEA776B-EAF0-462D-B2D1-CAB8144335FA.jpeg','metadata':{'width':1284,'height':1586,'blurHash':'eCIF3c$}CSkDIACmxtB=S$S$|=V@oit7pc7PogSjW?aeXTWCDiWrM|','blurHashWidth':32}}",,,,,2025-06-13T22:48:40.139Z,2025-06-16T17:58:43.258Z
213,The Last Royal Blue Rave,Royal Blue,"609 Congress Ave., Austin, TX 78701, USA",2025-06-14T03:00:00.000Z,2025-06-14T04:00:00.000Z,"{'url':'ff14a328a6aa4bba93894719a62ea53b16927b506a74de23a3af3f168db5d4e7.jpeg','size':375111,'width':1284,'height':1561,'filename':'708C31ED-6D28-40B1-9100-2570B9D677E8.jpeg','metadata':{'width':1284,'height':1561,'blurHash':'eTEDJJxuRjt8M{~pofjsofRjs:ayt7ayfPkDj[t6azf6j@j[oLofWC','blurHashWidth':32}}",,,,,2025-06-13T22:47:24.582Z,2025-06-13T23:22:51.319Z
212,Concert - Brand New,Moody Center,"2001 Robert Dedman Dr, Austin, TX 78712, USA",2025-06-13T01:00:00.000Z,2025-06-13T04:00:00.000Z,,,,,,2025-06-12T23:21:38.910Z,2025-06-12T23:21:54.967Z
211,Yoga in the Park,Republic Square Park,"422 W 5th St C, Austin, TX 78701, USA",2025-06-11T00:00:00.000Z,2025-06-11T01:00:00.000Z,,,,,,2025-06-11T00:00:05.146Z,2025-06-12T04:42:21.208Z
178,Puerto Rican day parade ,down town dallas,"Dallas, TX, USA",2025-06-07T18:00:00.000Z,2025-06-08T01:00:00.000Z,,,,,,2025-06-07T03:46:28.473Z,2025-06-07T03:46:28.473Z
177,"Alex Warren ""Cheaper than Therapy"" Concert",Stubbs Waller Creek Amphitheater,"801 Red River St, Austin, TX 78701, USA",2025-06-11T00:00:00.000Z,,"{'url':'71e78292cca6a02a557c7f3bf28215a064bf59f651f2e6410cd49d2e31ecd698.jpeg','size':152367,'width':935,'height':1324,'filename':'1CA6ED72-ABE2-47C8-A52E-7459C30D666C.jpeg','metadata':{'width':935,'height':1324,'blurHash':'egGIZWx]-;s9R*~qkDxuRPRjM{WBRjRjayM{o0aet8s:tRoLaxa}j@','blurHashWidth':32}}",,,,,2025-06-04T20:02:01.727Z,2025-06-30T02:20:47.773Z
176,James Arthur Concert,Austin City Limits Live at The Moody Theater,"310 W Willie Nelson Blvd, Austin, TX 78701, USA",2025-06-10T01:00:00.000Z,,"{'url':'ac6037b52f0a8b4f5a9f1e35ffa96142476044b8228768dba63bb0113737c963.jpeg','size':229769,'width':542,'height':733,'filename':'2F729DBC-CCF4-4008-AD4C-BE5DFFE64192.jpeg','metadata':{'width':542,'height':733,'blurHash':'eGD]lBM{NIxu009Gt7M{fk_3R*of%2ayNG%MfRt7RjIUt7j[NGj[of','blurHashWidth':32}}",,,,,2025-06-04T20:00:16.486Z,2025-06-12T04:45:33.649Z
175,Luna Altitude,Luna Rooftop,"120 W 5th St, Austin, TX 78701, USA",2025-06-09T00:00:00.000Z,2025-06-09T05:00:00.000Z,"{'url':'695a55ea06508085dd891d9f68cce41180c68d988add991feea705d96775171a.jpeg','size':2233970,'width':1284,'height':1570,'filename':'8F208560-0845-478E-965D-2096F894E814.jpeg','metadata':{'width':1284,'height':1570,'blurHash':'eBEByuQ?5T%XDm_8xHMzxtENyOtKv.V_WGo}M~xGxYRQR$r_j=S1W.','blurHashWidth':32}}",,,,,2025-06-04T19:58:57.178Z,2025-06-04T19:58:57.178Z
174,latt3 Coffee & Beats June 8th,Stargazer,"979 Springdale Rd Ste. 130, Austin, TX 78702, USA",2025-06-08T15:00:00.000Z,2025-06-08T19:00:00.000Z,"{'url':'b4f81789a9407cfb881a7b45bee3b4f3406f8075d615e55b772d855a0ac78707.jpeg','size':1100693,'width':1056,'height':1545,'filename':'FB0C5D27-C63B-4621-AE68-A92820DBCF16.jpeg','metadata':{'width':1056,'height':1545,'blurHash':'eNOf};s=-p?bno%5oeRQxsM|%q%MofWAx@~pt6ouIXkB-qRPV@t7RQ','blurHashWidth':32}}",,,,,2025-06-04T19:57:58.766Z,2025-06-07T00:11:06.930Z
173,Luna Day N' Nite House Music Saturdays ,Luna Rooftop,"120 W 5th St, Austin, TX 78701, USA",2025-06-08T02:00:00.000Z,2025-06-08T07:00:00.000Z,"{'url':'5bcfddd165a972020091e32cc28b50b805f54088b9832521c4ebd14a72efeee0.jpeg','size':905249,'width':1284,'height':1561,'filename':'5ED1ABC4-211C-45AF-B3E7-DF0F040F261C.jpeg','metadata':{'width':1284,'height':1561,'blurHash':'e97d|NRM4oIVxt-;adRjR*Ri8^oh%Jt7a#4nt9xtxatRM_WBt8t7of','blurHashWidth':32}}",,,,,2025-06-04T19:57:02.551Z,2025-06-04T19:57:02.551Z
172,Luna Sunset Sessions,Luna Rooftop,"120 W 5th St, Austin, TX 78701, USA",2025-06-07T22:00:00.000Z,2025-06-08T02:00:00.000Z,"{'url':'e9f3350c43c844d30fba4d23279c37628149501dca40684983a7907bfa7fa5ee.jpeg','size':937955,'width':1284,'height':1572,'filename':'9083147F-9CA4-41A6-84BE-86A2B96CA6F9.jpeg','metadata':{'width':1284,'height':1572,'blurHash':'ebG85GRpM}fmWC~CajWVj[WCIkn$k8jsox9uj?kBfQs:SPW.j[a{WC','blurHashWidth':32}}",,,,,2025-06-04T19:55:57.500Z,2025-06-12T12:37:15.809Z
171,"More Espresso, Less Depresso Boys in Austin",Ani's Day & Night,"7107 E Riverside Dr, Austin, TX 78741, USA",2025-06-07T15:00:00.000Z,2025-06-07T19:00:00.000Z,"{'url':'2985c13a682709a33cf3dc0c42a9baf4e80a219d6abf963915e4d249238903a9.jpeg','size':1095965,'width':1284,'height':1631,'filename':'91F0207C-614C-49CA-ACA4-5146C17FD598.jpeg','metadata':{'width':1284,'height':1631,'blurHash':'eGQ]cn-g~p?aWU-Ls+WAaextIVxuD*Rjxtxst6WXaf%Moyt7M{ofWB','blurHashWidth':32}}",,,,,2025-06-04T19:55:10.080Z,2025-06-11T04:33:53.113Z
170,Coffee & Chill ,Hotel Magdalena,"1101 Music Ln, Austin, TX 78704, USA",2025-06-07T15:00:00.000Z,2025-06-07T17:00:00.000Z,"{'url':'afd7b9a6f31af44bfdd2a68b8bdcbddc9edc02cdc232e5d8c92844141e8d999b.jpeg','size':1181238,'width':1105,'height':1570,'filename':'DD0B2D6D-F84E-445B-9031-527ACBB3B81C.jpeg','metadata':{'width':1105,'height':1570,'blurHash':'ecNv[9xZxuxuxt01WBoyjuxt%gaeRiaxoM_3ayayn%oL%MWBV[s;ae','blurHashWidth':32}}",,,,,2025-06-04T19:53:40.856Z,2025-06-12T04:43:37.394Z
169,Luna Vibra Latin Fridays,Luna Rooftop,"120 W 5th St, Austin, TX 78701, USA",2025-06-07T00:00:00.000Z,2025-06-07T07:00:00.000Z,"{'url':'f18e09af5ef37ca53c3a5b30e0b4079176d97d73c3b599070db0e8bf6fa02500.jpeg','size':1094041,'width':1284,'height':1556,'filename':'50B2E64E-C549-4E0A-B2C2-4641AA9A8237.jpeg','metadata':{'width':1284,'height':1556,'blurHash':'eNEA=wSMq]soWV^5$PwJbHWV0ew_xuR*t75QN^bvn%ofPAWWNGjtV[','blurHashWidth':32}}",FALSE,,,,2025-06-04T19:51:02.773Z,2025-06-04T21:01:08.780Z
168,Luna Thursdays by Soviēe,Luna Rooftop,"120 W 5th St, Austin, TX 78701, USA",2025-06-06T03:00:00.000Z,2025-06-06T07:00:00.000Z,"{'url':'f137ef2aecec858c9547bc264b08c2ffee711f5e59dd045ab99e0236774976ee.jpeg','size':794640,'width':1024,'height':1592,'filename':'892938BF-1C5D-4A2B-88DB-259C441830FD.jpeg','metadata':{'width':1024,'height':1592,'blurHash':'e98=DryB4oV]of?stORQV]WB00WU%3agof4oR*xua{t6-pafX4bYWU','blurHashWidth':32}}",FALSE,,,,2025-06-04T19:49:27.071Z,2025-06-05T05:44:16.922Z
167,Mushroom Cowboy June 5th,South Congress Hotel,"1603 S Congress Ave, Austin, TX 78704, USA",2025-06-06T01:00:00.000Z,2025-06-06T03:00:00.000Z,"{'url':'2883ab6d5305c244c6d62766a23dd7416d53e648e627c88e22b2a456de259e1f.jpeg','size':1791240,'width':1284,'height':1586,'filename':'DBA67379-5FA1-4B65-9C30-201CF2574DEF.jpeg','metadata':{'width':1284,'height':1586,'blurHash':'eLD]C-oLD*R+j]~pa}IUoJay_2oLIUWCR*?af6xaazWCW.WBozays.','blurHashWidth':32}}",,,,,2025-06-04T19:48:01.436Z,2025-06-06T17:30:38.689Z
166,First Thursday,South Congress Hotel,"1603 S Congress Ave, Austin, TX 78704, USA",2025-06-05T23:00:00.000Z,2025-06-06T03:30:00.000Z,"{'url':'757d63dd9481ad5e355d844cfe5efda8d954c338f3363e3a95cd5e8265647b1d.jpeg','size':1343510,'width':1274,'height':1585,'filename':'B0ABC156-51B7-4971-9429-5337F5056BE7.jpeg','metadata':{'width':1274,'height':1585,'blurHash':'ebKdY;xuE1xbIoD%oft7oft70dafxakCxa?bt7aet7WoxbkBa{ofay','blurHashWidth':32}}",,,,,2025-06-04T19:46:47.069Z,2025-06-12T04:43:08.751Z
165,5-9 Boys in Austin,Lazarus Brewing Co.,"1902 E 6th St, Austin, TX 78702, USA",2025-06-05T22:00:00.000Z,2025-06-06T02:00:00.000Z,"{'url':'756d09ecd3484fde968d7f6692ababfedd1b3d25a6a1cbca8df17db52855ea60.jpeg','size':1250808,'width':1284,'height':1628,'filename':'338E286C-77A9-4B23-A1F4-4B7264866840.jpeg','metadata':{'width':1284,'height':1628,'blurHash':'ecLFE%x]GuShr=0#bIOFR*jaXTa}#7s:S$TKkCv~f6S5XSj[n$jFWY','blurHashWidth':32}}",,,,,2025-06-04T19:45:41.914Z,2025-06-05T19:02:27.757Z
164,ill fest,ill fest,"7311 Decker Ln, Austin, TX 78724, USA",2025-05-30T20:37:00.000Z,2025-06-01T05:37:00.000Z,,,,,,2025-06-02T20:37:23.467Z,2025-06-03T03:25:13.312Z
163,EDC 2025,Las Vegas Speedway,"7000 Las Vegas Blvd N, Las Vegas, NV 89115, USA",2025-05-17T03:00:00.000Z,2025-05-19T15:00:00.000Z,,,,,,2025-05-17T00:46:38.000Z,2025-05-18T02:27:43.926Z
162,Road To Illfest - Wonka Willy,Undisclosed Location ,"Austin, TX, USA",2025-05-17T01:00:00.000Z,,"{'url':'60d2d2e8fe20e8c19e808c4ddc599aa07569e5b4878de535d4418f68bef3301e.jpeg','size':1379281,'width':1284,'height':1511,'filename':'56158720-EB0D-4E3C-8853-F9BAF20C9EAA.jpeg','metadata':{'width':1284,'height':1511,'blurHash':'ebHea?E1%LMzIo~Xb;jbt6R*%MoubYs;WUsFo[jvoMRjICWBtPj1WA','blurHashWidth':32}}",,,,,2025-05-16T18:01:49.221Z,2025-05-22T15:25:21.799Z
161,Breakup Shoes concert,Hotel Vegas,"1502 E 6th St, Austin, TX 78702, USA",2025-05-19T00:00:00.000Z,,"{'url':'52601a4c6e969a17e757622c10e4ffe18d30e170365d46a5535dc89992b3fd1f.jpeg','size':1516563,'width':1179,'height':1406,'filename':'IMG_0899.jpeg','metadata':{'width':1179,'height':1406,'blurHash':'eJD9bVV[0L-oD%%MWVNGt7RjE2bat7M|WBsVsoxZRkR*9ZjF-ooft7','blurHashWidth':32}}",,,,,2025-05-16T13:20:11.297Z,2025-05-16T13:20:11.297Z
160,512 Coffee Club Vol. 7,Cabana Club,"5012 E 7th St, Austin, TX 78702, USA",2025-05-24T15:00:00.000Z,2025-05-24T19:00:00.000Z,"{'url':'573fe84e86ce92dcdd3f085a0b97e868bda58fd7d7dca779f2938734c8a509d6.jpeg','size':360356,'width':1080,'height':1349,'filename':'38EA841E-8337-4AE5-AEEA-9867C2987903.jpeg','metadata':{'width':1080,'height':1349,'blurHash':'eUMH3}IbtS-Pxs~T?GRjo~WEw|ovobj[aeRVIo%MVss:NXxbIVR+kC','blurHashWidth':32}}",,,,,2025-05-14T02:00:18.469Z,2025-06-11T07:08:32.153Z
159,ACL Music Festival Weekend 2,Zilker Park,"Austin, TX 78746, USA",2025-10-10T18:00:00.000Z,2025-10-13T03:00:00.000Z,"{'url':'f7245be8c190fb0ca9011d67115e618059bab276176a510247db4a4380949d5d.jpeg','size':2610424,'width':1284,'height':1471,'filename':'888C85AB-50B1-48C7-8108-2BCD16AC8C4E.jpeg','metadata':{'width':1284,'height':1471,'blurHash':'e-Gln,xZbIkCj[?waxayflj[tna#ayj]aySjoff7a}ayM{f6aeWBj[','blurHashWidth':32}}",,,,,2025-05-07T00:46:26.557Z,2025-05-14T12:44:22.554Z
158,ACL Music Festival weekend 1 ,Zilker Park,"Austin, TX 78746, USA",2025-10-03T18:00:00.000Z,2025-10-06T03:00:00.000Z,"{'url':'73b3216740c40ee0f4b1281c0dc6d13653c94c9ac5ebc248f6754e85e58d7165.jpeg','size':882043,'width':884,'height':847,'filename':'875DAA76-FA93-42FF-A528-114B8F7D1997.jpeg','metadata':{'width':884,'height':847,'blurHash':'exKKQbt6WVoeay~Xoea#j[axxuogj]ofj?NIogj?j[j]S4WBfQWBWW','blurHashWidth':32}}",,,,,2025-05-07T00:41:15.002Z,2025-05-21T17:03:50.436Z
157,512 Coffee Club 05/10,Prana,"1623 E 7th St, Austin, TX 78702, USA",2025-05-10T15:00:00.000Z,2025-05-10T17:00:00.000Z,"{'url':'e31a98941c5c367ac12e48d15e8c955bb549c5f0143c377e573349168f652e45.jpeg','size':287079,'width':1080,'height':1350,'filename':'9AEDD586-A5F1-4E6D-830E-793C1D3CCC14.jpeg','metadata':{'width':1080,'height':1350,'blurHash':'e9Bo{p%2oat6E3~BaxoIg3X90yWU%2j]Rj9tkCIpRjxW^*jcIqf7s,','blurHashWidth':32}}",,,,,2025-05-06T19:39:44.418Z,2025-06-24T04:35:00.031Z
156,Illenium,Concourse Project ,"8509 Burleson Rd, Austin, TX 78719, USA",2025-05-03T01:00:00.000Z,2025-05-02T07:00:00.000Z,"{'url':'56bedc370211abc200e59e956ff7af6e932495930284fbc7d9ede655f0476b26.jpeg','size':1655858,'width':1284,'height':1577,'filename':'EBA45AD7-67DB-46BB-AA81-4A821169CCA1.jpeg','metadata':{'width':1284,'height':1577,'blurHash':'eBD7y,}X0#niSh;7,sniR*%15:so$gS2ofR*Nbt6s.NHrZNboy$j$$','blurHashWidth':32}}",,,,,2025-05-02T23:54:08.063Z,2025-05-06T18:03:26.938Z
155,First Thursday,South Congress Hotel,"1603 S Congress Ave, Austin, TX 78704, USA",,,"{'url':'101f7795765e65d0bac26cb5003beca2f8305450163e2142764879a687e73bf2.jpeg','size':685705,'width':2500,'height':1875,'filename':'0BBB207F-3B03-4B4D-BBB9-5E557FC9CC2D.jpeg','metadata':{'width':2500,'height':1875,'blurHash':'eDC~h$-M0eE4Ia?GoeM{R.Iq17E2$y%1W,EnMz-A-Uxpx@NxRjaKs.','blurHashWidth':32}}",,,,,2025-05-01T22:59:14.669Z,2025-05-14T17:38:07.645Z
154,Rufus Pre-Party - Luna,Luna Daytime Sessions,"120 W 5th St, Austin, TX 78701, USA",2025-04-26T19:00:00.000Z,2025-04-27T02:00:00.000Z,"{'url':'0dd499b5b28823e543712e408431ee98bf46b29ee3217272c0bf55cb40053d7d.jpeg','size':1623653,'width':1109,'height':1452,'filename':'49831F89-917E-412F-9B69-1E0951D04010.jpeg','metadata':{'width':1109,'height':1452,'blurHash':'eKCGfVbuIVS4s:4:sooes.NHH;R*jsR*xatmbHayj[ofIVn+bHjtay','blurHashWidth':32}}",,,,,2025-04-24T23:19:02.210Z,2025-05-09T05:06:19.928Z
153,LCD Soundsystem,Emos Austin,"2015 E Riverside Dr, Austin, TX 78741, USA",2025-04-25T00:00:00.000Z,,"{'url':'d5f519cde6a469a027a3327f9f650aaaf95c6ee87239959f3f88388a4203fe33.jpeg','size':898253,'width':1045,'height':1222,'filename':'40C80E25-3210-4B29-A48C-031DB39918D4.jpeg','metadata':{'width':1045,'height':1222,'blurHash':'eJF$U~-=.TM{sA?bt7%gRkj]01M{nOtRW=Sij]n%j[WBxuofayWBRj','blurHashWidth':32}}",,,,,2025-04-24T22:04:29.059Z,2025-04-24T22:04:29.059Z
152,Coffee & Chill ATX April 26th,SkyBox,"501 W 6th St 4th Floor, Austin, TX 78701, USA",2025-04-26T15:00:00.000Z,2025-04-26T17:00:00.000Z,"{'url':'413a42477a4fcbdedc77b5bb1209e8fcf593599017cb1939b40f4dde54608a99.jpeg','size':1220608,'width':1284,'height':1592,'filename':'97AB7B48-D6BA-4C45-AE9E-8B03023276E3.jpeg','metadata':{'width':1284,'height':1592,'blurHash':'eaPF=j%M%gxa%g8_t7xuWAxuyDs:a0WBni?^t6a0afV@%2j[WBjZbH','blurHashWidth':32}}",,,,,2025-04-24T21:58:03.605Z,2025-05-23T22:37:18.491Z
151,Neighborhood Watch - House Hats Collective,Reina,"206 Trinity St, Austin, TX 78701, USA",2025-04-26T19:00:00.000Z,2025-04-27T01:00:00.000Z,"{'url':'1052ef3346bb246d3242ef691d1d33464f175afe7f7db4f0ea801f5abd3bc098.jpeg','size':1237682,'width':1284,'height':1607,'filename':'89D020CD-E160-4F7C-B7A5-B8469C4A2995.jpeg','metadata':{'width':1284,'height':1607,'blurHash':'eNCF^wxa0KM{xu%MofWBayWBD%Rj-;t7IUIURj%2s:R*yDofMxRjtR','blurHashWidth':32}}",,,,,2025-04-24T21:54:39.764Z,2025-04-26T07:12:14.521Z
150,Lane 8,Moody,"1401 Trinity St, Austin, TX 78701, USA",,,,,,,,2025-04-18T22:28:22.533Z,2025-04-25T02:05:43.497Z
149,Shellona Cafe ATX,Codependent,"301 West Ave STE 110, Austin, TX 78701, USA",2025-04-19T15:00:00.000Z,2025-04-19T19:00:00.000Z,"{'url':'6c310683abc16597f51f3c737f512908ea2528bbff023cf6388f87391cceb270.jpeg','size':778614,'width':1159,'height':1507,'filename':'56B545B7-855E-4CD9-B01F-205FC1138EF2.jpeg','metadata':{'width':1159,'height':1507,'blurHash':'eDQT4Ko~IS?IITxYg3s:tRof%i%MI9oyad~qxu9FRQRP$e-:?b-;%M','blurHashWidth':32}}",,,,,2025-04-17T19:12:09.660Z,2025-04-17T19:44:53.896Z
148,Jacoby Plunges,Pershing,"2415B E 5th St. Unit B, Austin, TX 78702, USA",2025-04-13T15:00:00.000Z,2025-04-13T18:00:00.000Z,"{'url':'586055085a67264c9db4b9f5e1a6085116e64204df4e2f158c80562423c92a97.png','size':7974853,'width':1284,'height':2778,'filename':'CE6B6A55-F8CB-41B1-A20E-C693BBF6A24E.png','metadata':{'width':1284,'height':2778,'blurHash':'e8A,%xS*DiWTkDpetTs+aeR+5Yx]oIoLRk_4o#fjj]ofDiayozWCt7','blurHashWidth':32}}",,,,,2025-04-11T19:08:38.949Z,2025-05-11T22:53:52.103Z
147,Coffee & Chill 4/12,Skybox,"501 W 6th St 4th Floor, Austin, TX 78701, USA",2025-04-12T15:00:00.000Z,2025-04-12T05:00:00.000Z,"{'url':'c5ea9a04790e1bd530c09d88138149b5b19aa2e8371d10676c266fb8bd614125.jpeg','size':941763,'width':1098,'height':1390,'filename':'5C7BE162-103A-43B1-851A-92696C60892A.jpeg','metadata':{'width':1098,'height':1390,'blurHash':'eLPi*M-p-;%Mtl4Tof%fn%ozIos;s:t7ae.8s:WBozWB-paKM{kCjZ','blurHashWidth':32}}",,,,,2025-04-11T19:06:27.729Z,2025-06-07T03:20:11.994Z
146,512 Coffee Club Vol 5,Other Raquet Social Club,"2717 Manor Rd, Austin, TX 78722, USA",2025-04-12T14:00:00.000Z,2025-04-12T19:00:00.000Z,"{'url':'93c07207c9ebcb72e8ff1396b387d28fbe423c68b9b046214cdbce1617566016.jpeg','size':382253,'width':1080,'height':1350,'filename':'796899FC-51FD-4A4E-8FDD-FF1E3BA6AA84.jpeg','metadata':{'width':1080,'height':1350,'blurHash':'ecLWw]-ot8ScS_m*ShWUjGoe?]S%t7r@nOX9xYkWS1Rjogi{RjbuW=','blurHashWidth':32}}",FALSE,,,,2025-04-11T16:42:03.676Z,2025-04-19T18:20:47.234Z
145,Raw Dawg World Tour ,Other Racquet Social Club,"2717 Manor Rd, Austin, TX 78722, USA",2025-04-12T13:00:00.000Z,2025-04-12T16:00:00.000Z,"{'url':'04ee6cf75b2b1cb8db133ff61704af7ef7bb31ed7a2895be7cb9c7c9d0f19182.jpeg','size':1825756,'width':1284,'height':1589,'filename':'8E6041EB-08EF-4D56-A794-0FF0D465C98D.jpeg','metadata':{'width':1284,'height':1589,'blurHash':'eSJtoS?Jt7xbt7yBNFWURjs;-:E0WBoMj[00nnxuofjIxb%MxuWnWB','blurHashWidth':32}}",FALSE,,,,2025-04-11T16:40:32.379Z,2025-06-07T03:20:54.586Z
144,Gryffin,moody Amphitheater ,"1401 Trinity St, Austin, TX 78701, USA",2025-04-13T00:00:00.000Z,,,,,,,2025-04-09T00:08:30.699Z,2025-04-25T01:33:00.113Z
143,Rufus Du Sol ,Q2 Stadium,"10414 Mc Kalla Pl, Austin, TX 78758, USA",2025-04-27T00:30:00.000Z,2025-04-26T05:00:00.000Z,"{'url':'893f91a17f12597f9e37e7bcff0ef364c47e3d77376041f0e1873d90e870ed8c.jpeg','size':7367,'width':275,'height':183,'filename':'rufus.jpeg','metadata':{'width':275,'height':183,'blurHash':'eiJ7R1sl~V%1xZ-QxaNGM|t6-oRjR+M|WX%1WBt7ayoLR*WCoKWCWC','blurHashWidth':32}}",FALSE,,,,2025-03-31T08:05:18.236Z,2025-06-24T04:36:10.647Z
141,512 Coffee,Cabana Club,"Austin, TX, USA",,,"{'url':'e15208ff950f8f4035364c406c5f1b3a253cb60c7f9f4f395adb986a87b6d762.png','size':3149395,'width':1080,'height':1350,'filename':'3.png','metadata':{'width':1080,'height':1350,'blurHash':'eGI5JP%1M{^+ae,,NaIU9ZRjK6V?-VS$%MV]R*-=i^oe4TIURiM{a#','blurHashWidth':32}}",FALSE,,,,2025-03-29T17:08:16.927Z,2025-06-26T08:54:03.881Z
140,Super Lap Battle,Circuit of the Americas,"9201 Circuit of the Americas Blvd, Del Valle, TX 78617, USA",2025-04-12T15:00:00.000Z,2025-04-13T23:00:00.000Z,"{'url':'f6d201d1f6a73bef89dc71d8d2fd78f51717f093dcf557065f1608366ca7a5bb.png','size':230973,'width':299,'height':369,'filename':'Screenshot 2025-04-01 at 3.07.14 AM.png','metadata':{'width':299,'height':369,'blurHash':'ejJkv9tRkXo#Mx?wNHWYWYae4nM|jEWBtRR%kCt5WCoft8WBt6ayay','blurHashWidth':32}}",FALSE,,,,2025-03-27T22:12:27.871Z,2025-04-01T08:07:44.393Z
139,512 Coffee Club,Cabana Club,"5012 E 7th St, Austin, TX 78702, USA",2025-03-29T15:00:00.000Z,2025-03-29T19:00:00.000Z,,FALSE,,,,2025-03-24T23:41:41.083Z,2025-04-01T08:08:18.936Z
137,Leon Bridges - Red Rocks Amphitheater ,Red Rocks Amphitheater,"18300 W Alameda Pkwy, Morrison, CO 80465, USA",2025-05-24T01:00:00.000Z,,"{'url':'68387f83a8fd95326ac73a96b9275d59652d698be73f14549d55885b678e8b44.jpeg','size':8644,'width':225,'height':225,'filename':'leon.jpeg','metadata':{'width':225,'height':225,'blurHash':'eILLRg?G_Mof%},sofXSs:of~VRjNuxaoLx]t7n$R*WB_Nt7jFWBRj','blurHashWidth':32}}",FALSE,,,,2025-03-24T21:22:38.208Z,2025-04-01T08:09:49.980Z
136,,Austin-Bergstrom International Airport,"3600 Presidential Blvd, Austin, TX 78719, USA",,,,,,,,2025-03-24T21:18:26.817Z,2025-04-15T02:01:53.669Z
135,Houston Rodeo,NRG Stadium,"NRG Pkwy, Houston, TX 77054, USA",,,,,,,,2025-03-23T21:59:37.067Z,2025-03-23T21:59:56.717Z
134,Chaotic Singles Party,Holy Moly Golf ,"807 E 4th St, Austin, TX 78702, USA",2025-03-22T01:00:00.000Z,2025-03-22T04:00:00.000Z,,,,,,2025-03-22T00:38:15.967Z,2025-04-09T00:06:31.319Z
133,,Charleston International Airport (CHS),"5500 International Blvd, North Charleston, SC 29418, USA",,,,,,,,2025-03-16T21:39:17.748Z,2025-03-17T20:45:30.470Z
132,512 Coffee Club x Kendra Scott,Kendra Scott,"1701 S Congress Ave, Austin, TX 78704, USA",2025-03-15T14:00:00.000Z,2025-03-15T18:00:00.000Z,,,,,,2025-03-14T00:19:19.213Z,2025-03-24T21:06:15.981Z
131,Cloonee,The Concourse Project,"8509 Burleson Rd, Austin, TX 78719, USA",,,,,,,,2025-03-07T21:59:10.691Z,2025-03-11T00:22:19.733Z
130,Sip and Sounds ,Auditorium Shores,"900 W Riverside Dr, Austin, TX 78704, USA",,,,,,,,2025-03-06T22:29:21.358Z,2025-04-09T00:06:40.723Z
129,Justice,Moody Center,"2001 Robert Dedman Dr, Austin, TX 78712, USA",,,,,,,,2025-03-06T01:50:27.635Z,2025-03-10T19:34:29.201Z
128,,Equinox,"1007 S Congress Ave Ste 100, Austin, TX 78704, USA",,,,,,,,2025-03-05T16:35:37.730Z,2025-03-26T02:58:38.194Z
127,Illfest,Travis County Expo Center,"7311 Decker Ln, Austin, TX 78724, USA",2025-05-30T20:00:00.000Z,2025-06-02T04:59:00.000Z,"{'url':'4aa6985e93bf14cea0d485b0e8f4a7dc4bb21e44b7fb745a3c78118dfe23a4ef.png','size':1171444,'width':758,'height':978,'filename':'Screenshot 2025-05-30 at 3.21.48 PM.png','metadata':{'width':758,'height':978,'blurHash':'eEEVKVI[R]kD-F?]I@ApoyNr~qM}X5s:NF^TR-v-oy#Xx_R.WAofI[','blurHashWidth':32}}",FALSE,,,,2025-02-26T02:03:12.467Z,2025-06-03T03:24:49.188Z
126,Justice,The Pavilion at Toyota Music Factory,"300 W Las Colinas Blvd., Irving, TX 75039, USA",2025-03-06T00:30:00.000Z,,,,,,,2025-02-26T01:57:29.003Z,2025-02-26T01:57:29.003Z
125,Steller Here & Now Tour,Vulcan Gas Company,"418 E 6th St, Austin, TX 78701, USA",2025-05-18T03:00:00.000Z,2025-05-18T07:00:00.000Z,,,,,,2025-02-26T01:55:09.541Z,2025-02-26T01:55:09.541Z
124,Illenium (May 3),The Concourse Project,"8509 Burleson Rd, Austin, TX 78719, USA",2025-05-04T02:00:00.000Z,2025-05-04T07:00:00.000Z,,,,,,2025-02-25T18:41:09.858Z,2025-02-26T00:54:20.664Z
123,Illenium (May 2),The Concourse Project,"8509 Burleson Rd, Austin, TX 78719, USA",2025-05-03T02:00:00.000Z,2025-05-03T07:00:00.000Z,,,,,,2025-02-25T18:40:09.911Z,2025-02-25T23:36:11.379Z
122,Kayzo Unleashed XL,The Concourse Project,"8509 Burleson Rd, Austin, TX 78719, USA",2025-05-02T02:00:00.000Z,2025-05-02T07:00:00.000Z,,,,,,2025-02-25T18:38:50.998Z,2025-02-25T18:38:50.998Z
121,Lil Texas - Need for Speed,Kingdom,"505 E 7th St, Austin, TX 78701, USA",2025-04-13T02:30:00.000Z,2025-04-13T07:00:00.000Z,,,,,,2025-02-25T18:29:26.538Z,2025-04-11T18:59:09.771Z
120,Riot Ten,The Marc,"120 E San Antonio St, San Marcos, TX 78666, USA",2025-03-23T02:00:00.000Z,2025-03-23T05:00:00.000Z,,,,,,2025-02-25T18:26:45.188Z,2025-02-25T18:26:45.188Z
119,Chris Luno,Kingdom,"505 E 7th St, Austin, TX 78701, USA",2025-03-09T04:00:00.000Z,2025-03-09T07:59:00.000Z,,,,,,2025-02-25T18:22:56.309Z,2025-03-09T17:54:26.859Z
118,Anamē - Hopes & Fears,Kingdom,"505 E 7th St, Austin, TX 78701, USA",2025-03-08T04:00:00.000Z,2025-03-08T08:00:00.000Z,,,,,,2025-02-25T18:20:43.804Z,2025-02-25T18:20:43.804Z
117,,Kingdom,"505 E 7th St, Austin, TX 78701, USA",,,,,,,,2025-02-25T18:18:53.246Z,2025-02-25T18:18:53.246Z
115,Layton Giordani,Kingdom,"505 E 7th St, Austin, TX 78701, USA",2025-03-02T04:00:00.000Z,2025-03-02T08:00:00.000Z,,,,,,2025-02-25T18:18:09.789Z,2025-02-25T18:18:09.789Z
114,SDSPresents: Control Freak | Austin,Vulcan Gas Company,"418 E 6th St, Austin, TX 78701, USA",2025-03-02T04:00:00.000Z,2025-03-02T08:00:00.000Z,,,,,,2025-02-25T18:16:34.122Z,2025-02-25T18:16:34.122Z
113,LATT3: Coffee Club + Music,Fareground Austin,"111 Congress Ave., Austin, TX 78701, USA",2025-02-23T16:00:00.000Z,2025-02-23T20:00:00.000Z,,,,,,2025-02-23T18:52:51.898Z,2025-02-25T18:03:23.714Z
112,two friends,stubbs,"801 Red River St, Austin, TX 78701, USA",2025-02-23T02:00:00.000Z,,,,,,,2025-02-22T23:40:06.866Z,2025-02-24T19:24:38.023Z
111,,Cabana Club,"5012 E 7th St, Austin, TX 78702, USA",,,,,,,,2025-02-22T21:37:37.107Z,2025-03-05T16:35:55.343Z
110,512 Coffee Club,Cabana Club,"5012 E 7th St, Austin, TX 78702, USA",,,,FALSE,,,,2025-02-19T17:39:31.684Z,2025-03-24T21:04:30.468Z
109,Friendzone: Valentines Ep,The Courtyard,"208 W 4th St, Austin, TX 78701, USA",,,,,,,,2025-02-11T08:21:48.913Z,2025-02-22T21:35:28.880Z
108,,Tiger Lily,"400 Colorado St, Austin, TX 78701, USA",,,,,,,,2025-02-09T01:38:04.686Z,2025-02-10T18:07:00.266Z
107,The Morning Spin,W,"200 Lavaca St, Austin, TX 78701, USA",,,,,,,,2025-02-08T16:49:58.723Z,2025-02-19T19:59:52.046Z
106,First Thursday,South Congress Hotel,"1603 S Congress Ave, Austin, TX 78704, USA",,,,,,,,2025-02-06T22:50:43.602Z,2025-03-05T05:17:32.687Z
105,Marcus King - All Night,The Continental Club,"1315 S Congress Ave, Austin, TX 78704, USA",2025-02-13T04:00:00.000Z,,,,,,,2025-02-06T17:33:26.969Z,2025-02-07T20:30:39.653Z
104,,Powder Room,"301 W 5th St, Austin, TX 78701, USA",,,,,,,,2025-02-05T21:52:20.501Z,2025-02-06T15:32:21.050Z
103,John Summit ,Moody Amphitheater ,"1401 Trinity St, Austin, TX 78701, USA",2025-03-16T00:00:00.000Z,,,,,,,2025-02-05T21:52:01.385Z,2025-02-05T21:52:01.385Z
102,,Equinox,"1007 S Congress Ave Ste 100, Austin, TX 78704, USA",,,,,,,,2025-02-03T23:07:59.912Z,2025-02-05T19:25:08.188Z
101,,Soho House,"1011 S Congress Ave Building 2, Suite 100, Austin, TX 78704, USA",,,,,,,,2025-02-03T23:07:36.545Z,2025-02-24T00:43:51.560Z
100,,Kingdom,"505 E 7th St, Austin, TX 78701, USA",,,,,,,,2025-02-02T05:17:00.500Z,2025-02-02T05:17:13.255Z
99,,devils may care,"604 1/2 San Antonio St, Austin, TX 78701, USA",,,,,,,,2025-02-01T06:12:31.888Z,2025-02-02T04:42:57.799Z
98,,Space Cowboy,"1917 E 7th St, Austin, TX 78702, USA",,,"{'url':'e8c8788fbf5a5bc8b807358a6d45b9f74441d88f4477d7743c30c7183f800316.png','size':1452694,'width':834,'height':756,'filename':'Screenshot 2025-01-28 at 4.42.33 PM.png','metadata':{'width':834,'height':756,'blurHash':'eKD+JDS#NH%2xabWNGxZxaWB-:xDNHtQj]~Vo}of%1f5%LniWBW=NH','blurHashWidth':32}}",,,,,2025-01-05T04:35:46.448Z,2025-01-28T22:46:02.976Z
97,,Lazarus Brewing Company,"1902 E 6th St, Austin, TX 78702, USA",,,,,,,,2025-01-05T04:35:27.445Z,2025-01-05T04:35:27.445Z
96,,Gin Bar,"1813 E 6th St, Austin, TX 78702, USA",,,,,,,,2025-01-05T04:35:00.238Z,2025-01-08T21:50:40.163Z
95,,Daydreamer,"1708 E 6th St, Austin, TX 78702, USA",,,,,,,,2025-01-05T04:34:45.252Z,2025-01-05T04:34:45.252Z
94,,Zilker Brewing Company,"1701 E 6th St, Austin, TX 78702, USA",,,,,,,,2025-01-05T04:34:34.238Z,2025-01-05T04:34:34.238Z
93,,Lefty's Brick Bar,"1813 C E 6th St, Austin, TX 78702, USA",,,,,,,,2025-01-05T04:34:05.451Z,2025-01-05T04:34:05.451Z
92,,Whisler's,"1816 E 6th St, Austin, TX 78702, USA",,,,,,,,2025-01-05T04:33:05.679Z,2025-01-05T04:33:05.679Z
91,,Yellow Jacket Social Club,"1704 E 5th St., Austin, TX 78702, USA",,,,,,,,2025-01-05T04:32:45.240Z,2025-01-05T04:32:45.240Z
90,,The Liberty,"1618 E 6th St, Austin, TX 78702, USA",,,,,,,,2025-01-05T04:32:16.430Z,2025-01-05T04:32:16.430Z
89,,Shangri-La,"1016 E 6th St, Austin, TX 78702, USA",,,,,,,,2025-01-05T04:31:45.634Z,2025-01-05T04:31:45.634Z
88,,East Austin Hotel,"1108 E 6th St, Austin, TX 78702, USA",,,,,,,,2025-01-05T04:31:15.763Z,2025-01-05T04:31:15.763Z
87,,Violet Crown Social Club,"1111 E 6th St, Austin, TX 78702, USA",,,,,,,,2025-01-05T04:31:01.293Z,2025-01-05T04:31:01.293Z
86,,Uptown Sports Club,"1200 E 6th St, Austin, TX 78702, USA",,,,,,,,2025-01-05T04:30:38.748Z,2025-01-05T04:30:38.748Z
85,,Inn Cahoots,"1221 E 6th St, Austin, TX 78702, USA",,,,,,,,2025-01-05T04:29:40.652Z,2025-01-05T04:29:40.652Z
84,,Cantina El Milamores,"602 Onion St, Austin, TX 78702, USA",,,,,,,,2025-01-05T04:29:08.617Z,2025-01-05T04:29:08.617Z
83,,Low Down Lounge,"1412 E 6th St #3304, Austin, TX 78702, USA",,,,,,,,2025-01-05T04:28:33.605Z,2025-01-05T04:28:33.605Z
82,,Hotel Vegas,"1502 E 6th St, Austin, TX 78702, USA",,,,,,,,2025-01-05T04:28:02.736Z,2025-01-05T04:28:02.736Z
81,,LoLo,"1504 E 6th St, Austin, TX 78702, USA",,,,,,,,2025-01-05T04:27:49.257Z,2025-01-05T04:27:49.257Z
80,,The Volstead,"1500 E 6th St, Austin, TX 78702, USA",,,,,,,,2025-01-05T04:27:32.488Z,2025-01-05T04:27:32.488Z
79,,Latchkey,"1308 E 6th St, Austin, TX 78702, USA",,,,,,,,2025-01-05T04:27:06.819Z,2025-01-05T04:27:06.819Z
78,,The Lucky Duck,"1300 E 6th St, Austin, TX 78702, USA",,,,,,,,2025-01-05T04:26:34.134Z,2025-01-05T04:26:34.134Z
77,,IYKYK,"1221 E 6th St, Austin, TX 78702, USA",,,,,,,,2025-01-05T04:26:15.559Z,2025-01-05T04:26:15.559Z
76,,Milonga Room,"1201 E 6th St, Austin, TX 78702, USA",,,,,,,,2025-01-05T04:25:51.094Z,2025-01-05T04:25:51.094Z
75,,Austin Garden & Studio ,"1209 E 6th St, Austin, TX 78702, USA",,,,,,,,2025-01-05T04:25:37.844Z,2025-01-05T04:25:37.844Z
74,,Black Sheep,"2108 S Lamar Blvd, Austin, TX 78704, USA",,,,,,,,2025-01-05T03:10:34.551Z,2025-01-05T03:39:09.779Z
73,,Punch Bowl Social,"522 Congress Ave., Austin, TX 78701, USA",,,,,,,,2025-01-03T06:44:38.202Z,2025-01-05T03:02:42.614Z
72,,The Roosevelt Room,"307 W 5th St, Austin, TX 78701, USA",,,,,,,,2025-01-03T06:42:17.151Z,2025-01-05T02:40:18.957Z
71,,Powder Room,"301 W 5th St, Austin, TX 78701, USA",,,,,,,,2025-01-03T06:41:14.680Z,2025-01-03T06:41:14.680Z
70,,Hotel Zaza,"400 Lavaca St, Austin, TX 78701, USA",,,,,,,,2025-01-03T06:40:48.723Z,2025-01-03T06:40:48.723Z
69,,Group Therapy,"400 Lavaca St, Austin, TX 78701, USA",,,,,,,,2025-01-03T06:40:24.221Z,2025-01-03T06:40:24.221Z
68,,The Grove,"800 W 6th St #100, Austin, TX 78701, USA",,,,,,,,2025-01-03T06:38:23.299Z,2025-01-03T06:38:23.299Z
67,,Wu Chow,"IBC Bank Plaza, 500 W 5th St #168, Austin, TX 78701, USA",,,,,,,,2025-01-03T06:37:56.324Z,2025-01-03T06:37:56.324Z
66,,Gold's Gym,"115 E 6th St, Austin, TX 78701, USA",,,,,,,,2025-01-03T06:36:54.679Z,2025-01-03T06:36:54.679Z
65,,Cava,"515 Congress Ave., Austin, TX 78701, USA",,,,,,,,2025-01-03T06:33:59.813Z,2025-01-03T06:33:59.813Z
64,,El Cockfight,"121 E 5th St., Austin, TX 78701, USA",,,,,,,,2025-01-03T06:22:47.208Z,2025-01-03T06:22:47.208Z
63,,One Taco,"402 Brazos St, Austin, TX 78701, USA",,,,,,,,2025-01-03T06:22:25.787Z,2025-01-03T06:22:25.787Z
62,,Houndstooth,"401 Congress Ave. #100c, Austin, TX 78701, USA",,,,,,,,2025-01-03T06:19:44.874Z,2025-01-03T06:19:44.874Z
61,,Soul Cycle,"401 Congress Ave., Austin, TX 78701, USA",,,,,,,,2025-01-03T06:19:30.643Z,2025-01-03T06:19:30.643Z
60,,Modern Market Eatery,"401 Congress Ave., Austin, TX 78701, USA",,,,,,,,2025-01-03T06:19:14.838Z,2025-01-03T06:19:14.838Z
59,,Shiners Saloon,"422 Congress Ave. D, Austin, TX 78701, USA",,,,,,,,2025-01-03T06:18:44.203Z,2025-01-03T06:18:44.203Z
58,,Velvet Taco,"522 Congress Ave. Suite 100, Austin, TX 78701, USA",,,,,,,,2025-01-03T06:17:28.878Z,2025-01-03T06:17:28.878Z
57,,Ruth's Chris Steakhouse,"107 W 6th St, Austin, TX 78701, USA",,,,,,,,2025-01-03T06:16:03.028Z,2025-01-03T06:16:03.028Z
56,,Sushi Roku,"405 Colorado St Suite 100, Austin, TX 78701, USA",,,,,,,,2025-01-03T06:14:27.107Z,2025-01-03T06:14:27.107Z
55,,Speakeasy,"412 Congress Ave. D, Austin, TX 78701, USA",,,,,,,,2025-01-03T06:14:07.834Z,2025-01-03T06:14:07.834Z
54,,Summit,"120 W 5th St, Austin, TX 78701, USA",,,,,,,,2025-01-03T06:13:40.656Z,2025-01-03T06:13:40.656Z
53,,Lonesome Dove,"123 W 6th St, Austin, TX 78701, USA",,,,,,,,2025-01-03T06:13:22.396Z,2025-01-03T06:13:22.396Z
52,,Comedor,"501 Colorado St, Austin, TX 78701, USA",,,,,,,,2025-01-03T06:12:48.463Z,2025-01-03T06:12:48.463Z
51,,Garage,"503 Colorado St, Austin, TX 78701, USA",,,,,,,,2025-01-03T06:12:37.116Z,2025-01-03T06:12:37.116Z
50,,The Iron Bear,"301 W 6th St, Austin, TX 78701, USA",,,,,,,,2025-01-03T06:12:01.922Z,2025-01-03T06:12:01.922Z
48,,The Eleanor,"307 W 5th St, Austin, TX 78701, USA",,,,,,,,2025-01-03T06:06:59.745Z,2025-01-03T06:06:59.745Z
47,,Fix Southern House,"500 W 5th St, Austin, TX 78701, USA",,,,,,,,2025-01-03T06:06:47.248Z,2025-01-03T06:06:47.248Z
46,,Wu Chow,"IBC Bank Plaza, 500 W 5th St #168, Austin, TX 78701, USA",,,,,,,,2025-01-03T06:05:24.388Z,2025-01-03T06:05:24.388Z
45,,TenTen,"501 W 6th St #100, Austin, TX 78701, USA",,,,,,,,2025-01-03T06:04:08.813Z,2025-01-03T06:04:08.813Z
44,,Bull and Bowl,"501 W 6th St #200, Austin, TX 78701, USA",,,,,,,,2025-01-03T05:58:42.238Z,2025-01-03T05:58:42.238Z
43,,Mayfair,"501 W 6th St Ste. 300, Austin, TX 78701, USA",,,,,,,,2025-01-03T05:56:22.292Z,2025-01-03T05:56:22.292Z
42,,Devil May Care,"500 W 6th St Suite 100, Austin, TX 78701, USA",,,,,,,,2025-01-03T05:55:56.207Z,2025-01-03T05:55:56.207Z
41,,Little Woodrows,"520 W 6th St, Austin, TX 78701, USA",,,,,,,,2025-01-03T05:53:52.355Z,2025-01-03T05:53:52.355Z
40,,Sammies,"807 W 6th St, Austin, TX 78703, USA",,,,,,,,2025-01-03T05:48:42.752Z,2025-01-03T05:48:42.752Z
39,,Ranch 616,"616 Nueces St, Austin, TX 78701, USA",,,,,,,,2025-01-03T05:48:08.052Z,2025-01-03T05:48:08.052Z
38,,Cats Pajamas,"610 Nueces St, Austin, TX 78701, USA",,,,,,,,2025-01-03T05:47:50.932Z,2025-01-03T05:47:50.932Z
37,,Wiggle Room,"612 Nueces St, Austin, TX 78701, USA",,,,,,,,2025-01-03T05:47:26.808Z,2025-01-03T05:47:26.808Z
36,,Beez Kneew,"610 Nueces St Suite 100, Austin, TX 78701, USA",,,,,,,,2025-01-03T05:47:11.121Z,2025-01-03T05:47:11.121Z
35,,Star Bar,"600 W 6th St, Austin, TX 78701, USA",,,,,,,,2025-01-03T05:46:41.218Z,2025-01-03T05:46:41.218Z
34,,Verbena,"612 W 6th St, Austin, TX 78701, USA",,,,,,,,2025-01-03T05:46:19.268Z,2025-01-03T05:46:19.268Z
33,,Pop,"620 W 6th St #1, Austin, TX 78701, USA",,,,,,,,2025-01-03T05:45:57.151Z,2025-01-03T05:45:57.151Z
32,,Rio,"601 Rio Grande St, Austin, TX 78701, USA",,,,,,,,2025-01-03T05:41:33.118Z,2025-01-03T05:41:33.118Z
31,,Parlor & Yard,"601 W 6th St, Austin, TX 78701, USA",,,,,,,,2025-01-03T05:36:48.124Z,2025-01-03T05:36:48.124Z
30,,The Rustic,"613 W 6th St, Austin, TX 78701, USA",,,,,,,,2025-01-03T05:31:02.415Z,2025-01-03T05:31:02.415Z
29,,Dirty Bills,"511 Rio Grande St, Austin, TX 78701, USA",,,,,,,,2025-01-03T05:28:07.277Z,2025-01-03T05:28:07.277Z
28,,Key Bar,"617 W 6th St, Austin, TX 78701, USA",,,,,,,,2025-01-03T05:21:10.085Z,2025-01-03T05:21:10.085Z
27,,Whiskey Tango Foxtrot,"701 W 6th St, Austin, TX 78701, USA",,,,,,,,2025-01-03T05:19:35.897Z,2025-01-03T05:19:35.897Z
26,,Bufords,"700 W 6th St, Austin, TX 78701, USA",,,,,,,,2025-01-03T05:18:31.970Z,2025-01-03T05:18:31.970Z
25,,Astoria Curiosities,"702 W 6th St, Austin, TX 78701, USA",,,,,,,,2025-01-03T05:11:43.821Z,2025-01-03T05:11:43.821Z
24,,Concrete Cowboy,"719 W 6th St, Austin, TX 78701, USA",,,,,,,,2025-01-03T05:09:27.764Z,2025-01-03T05:09:27.764Z
23,,Wyld Bar,"706 W 6th St, Austin, TX 78701, USA",,,,,,,,2025-01-03T05:08:22.200Z,2025-01-03T05:08:22.200Z
22,,The Ranch,"710 W 6th St, Austin, TX 78701, USA",,,,,,,,2025-01-03T05:07:52.584Z,2025-01-03T05:07:52.584Z
21,,The Dogwood,"715 W 6th St, Austin, TX 78701, USA",,,,,,,,2025-01-03T05:01:25.505Z,2025-01-03T05:01:25.505Z
20,,Green Light Social,"720 W 6th St, Austin, TX 78701, USA",,,,,,,,2025-01-03T04:54:22.151Z,2025-01-03T05:04:17.933Z
